__v,_id,answers,imgUrl,question,title
0,638b23011d7c973353a3318c,"[{""text"":""IIT "",""correct"":true},{""text"":""IIS"",""correct"":false},{""text"":""IIM"",""correct"":true},{""text"":""IPS"",""correct"":false}]",Screenshot_20221125-121456.png,What is your dream job?,Game CLub
0,638b24a718c075d092b6007c,"[{""text"":""Children got settled in foreign"",""correct"":true},{""text"":""Forced me out of my house"",""correct"":false},{""text"":""Family Member lost"",""correct"":true},{""text"":""Neighbour Problem"",""correct"":false}]",electric-car-2545290_1280.png,Why are you here?,Aged Club
0,638b25b4fae3c8cf3da2d0cf,"[{""text"":""Yes"",""correct"":false},{""text"":""No "",""correct"":false},{""text"":""Dilemma"",""correct"":true},{""text"":""Need Time"",""correct"":false}]",fi.png,New CLub is required or not?,New CLub
0,638b26aea128a031b850842c,"[{""text"":""Knowledge"",""correct"":false},{""text"":""Physical"",""correct"":true},{""text"":""Reasoning"",""correct"":false},{""text"":""Convincing"",""correct"":false}]",fi.png,What is your Power?,Very New Club
0,638b324388a73e26065f2f51,"[{""text"":""A"",""correct"":true},{""text"":""BBB"",""correct"":false},{""text"":""Cddcldk SLD"",""correct"":false},{""text"":""ldskj"",""correct"":false}]",charging-station-2276054_1280.png,Who is your best player?,Football Club